<?xml version = "1.0"?>
<endpoints version="2.0"
	xmlns="http://java.sun.com/xml/ns/jax-ws/ri/runtime">
	<endpoint name="RoutingPort"
		implementation="org.sse.ws.RoutingDelegate"
		url-pattern="/RoutingPort">
	</endpoint>
	<endpoint name="SearchingPort"
		implementation="org.sse.ws.SearchingDelegate"
		url-pattern="/SearchingPort">
	</endpoint>
	<endpoint name="LocatingPort"
		implementation="org.sse.ws.LocatingDelegate"
		url-pattern="/LocatingPort">
	</endpoint>
	<endpoint name="MatchingPort"
		implementation="org.sse.ws.MatchingDelegate"
		url-pattern="/MatchingPort">
	</endpoint></endpoints>